{
  "camera": {
    "field":      45,
    "background": [0.3, 0.3, 0.3]
  },

  "objects": [
    
    {
      "type":      "mesh",
      "triangles": [
        [ [-0.21419898041614546,0.5631506673685376,-4.6493389895267905], [-0.7807619712780327,0.6061496666750052,-4.690982988855113], [-0.4977029758435003,0.3784576703474569,-4.1909829969196295] ],
        [ [-0.7807619712780327,0.6061496666750052,-4.690982988855113], [-0.21419898041614546,0.5631506673685376,-4.6493389895267905], [-0.3029779789842261,0.634564666216699,-4.999999983870968] ],
        [ [-0.3029779789842261,0.634564666216699,-4.999999983870968], [-0.7807619712780327,0.6061496666750052,-5.309016978886823], [-0.7807619712780327,0.6061496666750052,-4.690982988855113] ],
        [ [-0.7807619712780327,0.6061496666750052,-5.309016978886823], [-0.3029779789842261,0.634564666216699,-4.999999983870968], [-0.21419898041614546,0.5631506673685376,-5.350660978215146] ],
        [ [-0.21419898041614546,0.5631506673685376,-5.350660978215146], [-0.4977029758435003,0.3784576703474569,-5.809016970822307], [-0.7807619712780327,0.6061496666750052,-5.309016978886823] ],
        [ [-0.03970398323058092,0.010044676289601998,-4.0], [0.39369500977911276,-0.38895031727499485,-4.1909829969196295], [0.41829500938233855,-0.3583683177682529,-4.1909829969196295] ],
        [ [-0.8053619708812585,0.5755676671682635,-5.309016978886823], [-0.7807619712780327,0.6061496666750052,-4.690982988855113], [-0.7807619712780327,0.6061496666750052,-5.309016978886823] ],
        [ [0.39369500977911276,-0.38895031727499485,-5.809016970822307], [-0.03970398323058092,0.010044676289601998,-5.999999967741936], [0.41829500938233855,-0.3583683177682529,-5.809016970822307] ],
        [ [0.39369500977911276,-0.38895031727499485,-4.1909829969196295], [0.7013540048168708,-0.5860603140958014,-4.690982988855113], [0.41829500938233855,-0.3583683177682529,-4.1909829969196295] ],
        [ [-0.8053619708812585,0.5755676671682635,-4.690982988855113], [-0.4977029758435003,0.3784576703474569,-4.1909829969196295], [-0.7807619712780327,0.6061496666750052,-4.690982988855113] ],
        [ [-0.06430398283380673,-0.02053732321713994,-5.999999967741936], [-0.4977029758435003,0.3784576703474569,-5.809016970822307], [-0.03970398323058092,0.010044676289601998,-5.999999967741936] ],
        [ [0.6767540052136449,-0.6166423136025432,-4.690982988855113], [0.7013540048168708,-0.5860603140958014,-5.309016978886823], [0.7013540048168708,-0.5860603140958014,-4.690982988855113] ],
        [ [-0.4977029758435003,0.3784576703474569,-4.1909829969196295], [-0.06430398283380673,-0.02053732321713994,-4.0], [-0.03970398323058092,0.010044676289601998,-4.0] ],
        [ [-0.4977029758435003,0.3784576703474569,-5.809016970822307], [-0.8053619708812585,0.5755676671682635,-5.309016978886823], [-0.7807619712780327,0.6061496666750052,-5.309016978886823] ],
        [ [0.7013540048168708,-0.5860603140958014,-5.309016978886823], [0.39369500977911276,-0.38895031727499485,-5.809016970822307], [0.41829500938233855,-0.3583683177682529,-5.809016970822307] ],
        [ [-0.21419898041614546,0.5631506673685376,-4.6493389895267905], [-0.4977029758435003,0.3784576703474569,-4.1909829969196295], [0.018226015835064252,0.3761886703840536,-4.432618993022274] ],
        [ [-0.4977029758435003,0.3784576703474569,-5.809016970822307], [-0.21419898041614546,0.5631506673685376,-5.350660978215146], [0.018226015835064252,0.3761886703840536,-5.567380974719661] ],
        [ [0.018226015835064252,0.3761886703840536,-5.567380974719661], [-0.03970398323058092,0.010044676289601998,-5.999999967741936], [-0.4977029758435003,0.3784576703474569,-5.809016970822307] ],
        [ [0.018226015835064252,0.3761886703840536,-5.567380974719661], [0.30552001120129013,0.14508967411145682,-5.567380974719661], [-0.03970398323058092,0.010044676289601998,-5.999999967741936] ],
        [ [0.30552001120129013,0.14508967411145682,-5.567380974719661], [0.41829500938233855,-0.3583683177682529,-5.809016970822307], [-0.03970398323058092,0.010044676289601998,-5.999999967741936] ],
        [ [0.018226015835064252,0.3761886703840536,-4.432618993022274], [0.5379460074524837,-0.041873322873010904,-5.350660978215146], [0.018226015835064252,0.3761886703840536,-5.567380974719661] ],
        [ [0.6767540052136449,-0.6166423136025432,-4.690982988855113], [0.39369500977911276,-0.38895031727499485,-4.1909829969196295], [-0.5786539745378391,-0.6599603129038658,-4.999999983870968] ],
        [ [0.39369500977911276,-0.38895031727499485,-4.1909829969196295], [-0.06430398283380673,-0.02053732321713994,-4.0], [-0.5786539745378391,-0.6599603129038658,-4.999999983870968] ],
        [ [-0.5223029754467262,0.347875670840715,-4.1909829969196295], [-0.5786539745378391,-0.6599603129038658,-4.999999983870968], [-0.06430398283380673,-0.02053732321713994,-4.0] ],
        [ [-0.8053619708812585,0.5755676671682635,-4.690982988855113], [-0.5786539745378391,-0.6599603129038658,-4.999999983870968], [-0.5223029754467262,0.347875670840715,-4.1909829969196295] ],
        [ [-0.8053619708812585,0.5755676671682635,-5.309016978886823], [-0.5786539745378391,-0.6599603129038658,-4.999999983870968], [-0.8053619708812585,0.5755676671682635,-4.690982988855113] ],
        [ [-0.5223029754467262,0.347875670840715,-5.809016970822307], [-0.5786539745378391,-0.6599603129038658,-4.999999983870968], [-0.8053619708812585,0.5755676671682635,-5.309016978886823] ],
        [ [-0.06430398283380673,-0.02053732321713994,-5.999999967741936], [-0.5786539745378391,-0.6599603129038658,-4.999999983870968], [-0.5223029754467262,0.347875670840715,-5.809016970822307] ],
        [ [0.39369500977911276,-0.38895031727499485,-5.809016970822307], [-0.5786539745378391,-0.6599603129038658,-4.999999983870968], [-0.06430398283380673,-0.02053732321713994,-5.999999967741936] ],
        [ [0.6767540052136449,-0.6166423136025432,-5.309016978886823], [-0.5786539745378391,-0.6599603129038658,-4.999999983870968], [0.39369500977911276,-0.38895031727499485,-5.809016970822307] ],
        [ [0.6767540052136449,-0.6166423136025432,-4.690982988855113], [-0.5786539745378391,-0.6599603129038658,-4.999999983870968], [0.6767540052136449,-0.6166423136025432,-5.309016978886823] ],
        [ [-0.4977029758435003,0.3784576703474569,-4.1909829969196295], [-0.03970398323058092,0.010044676289601998,-4.0], [0.018226015835064252,0.3761886703840536,-4.432618993022274] ],
        [ [0.018226015835064252,0.3761886703840536,-4.432618993022274], [-0.03970398323058092,0.010044676289601998,-4.0], [0.30552001120129013,0.14508967411145682,-4.432618993022274] ],
        [ [-0.03970398323058092,0.010044676289601998,-4.0], [0.41829500938233855,-0.3583683177682529,-4.1909829969196295], [0.30552001120129013,0.14508967411145682,-4.432618993022274] ],
        [ [0.30552001120129013,0.14508967411145682,-4.432618993022274], [0.41829500938233855,-0.3583683177682529,-4.1909829969196295], [0.5379460074524837,-0.041873322873010904,-4.649339989526775] ],
        [ [0.41829500938233855,-0.3583683177682529,-4.1909829969196295], [0.7013540048168708,-0.5860603140958014,-4.690982988855113], [0.5379460074524837,-0.041873322873010904,-4.649339989526775] ],
        [ [0.5379460074524837,-0.041873322873010904,-4.649339989526775], [0.7013540048168708,-0.5860603140958014,-4.690982988855113], [0.6267250060205644,-0.11328632172118835,-4.999999983870968] ],
        [ [0.7013540048168708,-0.5860603140958014,-4.690982988855113], [0.7013540048168708,-0.5860603140958014,-5.309016978886823], [0.6267250060205644,-0.11328632172118835,-4.999999983870968] ],
        [ [0.6267250060205644,-0.11328632172118835,-4.999999983870968], [0.7013540048168708,-0.5860603140958014,-5.309016978886823], [0.5379460074524837,-0.041873322873010904,-5.350660978215146] ],
        [ [0.7013540048168708,-0.5860603140958014,-5.309016978886823], [0.41829500938233855,-0.3583683177682529,-5.809016970822307], [0.5379460074524837,-0.041873322873010904,-5.350660978215146] ],
